unit,block,arm,policy,unit_kind,model_calls,workspace,final,quality_pass,active_seconds,wall_seconds,input_tokens,cached_input_tokens,output_tokens,reasoning_tokens,total_tokens,run_dir
1,D1_VECTORIZE_RAW_AMBIGUOUS,P2,P2,implementation,1,PASS,PASS,True,77.05503967392724,77.14628219301812,235176,201472,3121,1533,239830,stage-a-001/units/unit-001
2,D1_VECTORIZE_RAW_AMBIGUOUS,P0,P0,implementation,1,PASS,PASS,True,46.72871304594446,46.823406142997555,157233,127744,1670,635,159538,stage-a-001/units/unit-002
3,D1_VECTORIZE_RAW_AMBIGUOUS,P3,P3,implementation,1,PASS,PASS,True,81.08916826208588,81.20858296204824,172451,143616,3718,2152,178321,stage-a-001/units/unit-003
4,D1_VECTORIZE_RAW_AMBIGUOUS,P1,P1,implementation,1,PASS,PASS,True,72.86697730305605,72.98507121903822,218908,186496,3357,1827,224092,stage-a-001/units/unit-004
5,D2_LAPIS_BOUNDED_CONTRACT,P1,P1,implementation,1,PASS,PASS,True,49.94744116696529,50.03182885493152,142701,120448,1648,804,145153,stage-a-001/units/unit-005
6,D2_LAPIS_BOUNDED_CONTRACT,P3,P3,implementation,1,PASS,PASS,True,39.49271515698638,39.60279056197032,141987,119936,1399,446,143832,stage-a-001/units/unit-006
7,D2_LAPIS_BOUNDED_CONTRACT,P2,P2,implementation,1,PASS,PASS,True,34.096863609040156,34.19063460605685,102131,91136,1277,626,104034,stage-a-001/units/unit-007
8,D2_LAPIS_BOUNDED_CONTRACT,P0,P0,implementation,1,PASS,PASS,True,44.21533325291239,44.31582623301074,104255,82048,1848,881,106984,stage-a-001/units/unit-008
9,D3_NEUTRAL_A,P0,P0,implementation,1,PASS,PASS,True,33.614132778020576,34.04133480601013,116039,95104,1211,546,117796,stage-a-001/units/unit-009
10,D3_NEUTRAL_A,P2,P2,implementation,1,PASS,PASS,True,34.969970431993715,35.390022599021904,117468,96384,1427,682,119577,stage-a-001/units/unit-010
11,D3_NEUTRAL_A,P3,P3,implementation,1,PASS,PASS,True,45.87729516404215,46.36834724806249,98978,57728,1838,643,101459,stage-a-001/units/unit-011
12,D3_NEUTRAL_A,P1,P1,implementation,1,PASS,PASS,True,47.087671639048494,47.5215988639975,137901,126848,1753,936,140590,stage-a-001/units/unit-012
13,S1_SENTINEL,P1,P1,implementation,1,FAIL,PASS,False,148.6506261320319,148.7497155390447,168253,138496,7560,4464,180277,stage-a-001/units/unit-013
14,S1_SENTINEL,P0,P0,implementation,1,PASS,PASS,True,203.67882178991567,203.73808598297182,284023,253952,8776,6127,298926,stage-a-001/units/unit-014
15,S1_SENTINEL,P2,P2,implementation,1,PASS,PASS,True,239.6593653759919,239.72165110101923,317779,293760,11374,7240,336393,stage-a-001/units/unit-015
16,S1_SENTINEL,P3,P3,implementation,1,PASS,PASS,True,222.9952286449261,223.06640490703285,306278,247040,10446,6434,323158,stage-a-001/units/unit-016
17,H1_NEUTRAL_B,P0,P0,implementation,1,PASS,PASS,True,65.38518878794275,65.47107833391055,166468,140544,2757,1451,170676,stage-a-001/units/unit-017
18,H1_NEUTRAL_B,WINNER,P0,implementation,1,PASS,PASS,True,49.07526678906288,49.13390144798905,160718,118016,1920,824,163462,stage-a-001/units/unit-018
19,H2_OTHER_HOLDOUT,WINNER,P0,implementation,1,PASS,PASS,True,13.918365280027501,13.999136326950975,18637,10624,547,488,19672,stage-a-001/units/unit-019
20,H2_OTHER_HOLDOUT,P0,P0,implementation,1,PASS,PASS,True,11.126120173954405,11.18947958003264,18628,10624,408,347,19383,stage-a-001/units/unit-020
21,RCASE1,R0,P0,review-r0,0,,,True,,0.06416241102851927,,,,,,stage-a-001/units/unit-021
22,RCASE1,R1,P0,review-r1,1,,,True,32.67419820197392,32.741773454938084,80399,59008,1018,535,81952,stage-a-001/units/unit-022
23,RCASE2,R0,P0,review-r0,0,,,True,,0.03171002899762243,,,,,,stage-a-001/units/unit-023
24,RCASE2,R1,P0,review-r1,1,,,True,34.38173061795533,34.4424807849573,80910,59264,1402,790,83102,stage-a-001/units/unit-024
